first_name','last_name','email
Husein','Lampard','hlampard0@spotify.com
Benton','Gerb','bgerb1@irs.gov
Merilee','Lewisham','mlewisham2@simplemachines.org
Pennie','Brimman','pbrimman3@patch.com
','Ellis','cellis4@nyu.edu
Aymer','Baggett','abaggett5@typepad.com
Rachel','Gresswell','rgresswell6@blogspot.com
Thomasin','Riddington','triddington7@newyorker.com
Byrann','Saxelby','bsaxelby8@i2i.jp
Dierdre','Andriuzzi','dandriuzzi9@mozilla.com
Sigvard','Tweed','stweeda@example.com
Sylas','Brewins','sbrewinsb@reddit.com
Yard','Paler','ypalerc@wunderground.com
Lennard','O''Hanley','lohanleyd@people.com.cn
Nanni','Eglinton','neglintone@blogs.com
Lorenzo','Atteridge','latteridgef@elpais.com
Stanislas','','smcfeeg@unicef.org
Jerrilee','Penvarne','jpenvarneh@google.fr
Hadleigh','Batey','hbateyi@dedecms.com
Kendricks','Funnell','kfunnellj@google.ru
Jayne','Weedon','jweedonk@fastcompany.com
Merle','','mtoonl@spotify.com
Hildy','Launchbury','
Lavinia','Iannini','lianninin@tripod.com
','','msylvestero@google.nl
Oberon','McPeck','omcpeckp@t-online.de
Siana','Leathwood','sleathwoodq@admin.ch
Lanae','Skym','lskymr@washingtonpost.com
Ivy','Crowden','icrowdens@ibm.com
Noellyn','Burnyeat','nburnyeatt@elegantthemes.com
Delcina','Sorsbie','dsorsbieu@spotify.com
Germaine','Romagnosi','gromagnosiv@boston.com
Codee','Olive','colivew@state.gov
Oneida','','oealdenx@adobe.com
Ingunna','Van der Kruijs','ivanderkruijsy@infoseek.co.jp
Ilyse','Guerrieri','iguerrieriz@amazon.de
Abbot','Toward','atoward10@51.la
Gideon','Fryd','
Barn','Almack','balmack12@topsy.com
Silvana','Lyptratt','slyptratt13@xrea.com
Sarine','Lockhead','slockhead14@biblegateway.com
Odelle','Sloper','
Madlen','Bernaciak','mbernaciak16@blinklist.com
Jackqueline','Pitcher','jpitcher17@webnode.com
Rosalie','Timmons','rtimmons18@tripadvisor.com
Caterina','Vines','cvines19@printfriendly.com
Selby','Garnsworth','sgarnsworth1a@pen.io
Starr','Withrington','swithrington1b@netscape.com
Florenza','Clearley','fclearley1c@howstuffworks.com
Clemens','Brims','cbrims1d@freewebs.com
Perle','Titman','ptitman1e@t.co
Dewey','Sickert','dsickert1f@liveinternet.ru
Jermain','Sweeting','jsweeting1g@whitehouse.gov
Anderea','Dominik','adominik1h@xing.com
Daryle','Snook','dsnook1i@feedburner.com
Claudia','Ennor','cennor1j@europa.eu
Nyssa','Canto','ncanto1k@sina.com.cn
Kaye','Thurby','kthurby1l@yolasite.com
Aline','Anstiss','aanstiss1m@clickbank.net
Hughie','Riepel','
Keely','McKeefry','kmckeefry1o@ebay.com
Torr','Cramphorn','tcramphorn1p@shareasale.com
Lindsy','','lburchard1q@wikispaces.com
Ange','','ajerratsch1r@cnbc.com
Lisa','Hannen','lhannen1s@mapquest.com
Carmencita','Brecknell','cbrecknell1t@paypal.com
Hillary','Whitehead','hwhitehead1u@aboutads.info
Hube','Lampl','hlampl1v@indiegogo.com
Thibaut','Samuels','tsamuels1w@accuweather.com
Conney','O''Fihily','cofihily1x@privacy.gov.au
Kalina','Riddles','kriddles1y@auda.org.au
Preston','Alessandone','
','Colegrove','gcolegrove20@google.it
Dorise','Caudelier','dcaudelier21@skyrock.com
Chloris','Olyfat','colyfat22@jalbum.net
Anjanette','Lundon','alundon23@nifty.com
Merry','Bletsor','
Bearnard','Earthfield','bearthfield25@hatena.ne.jp
Donni','Fitkin','dfitkin26@mapquest.com
Olympe','Schreiner','oschreiner27@ow.ly
Katharyn','Gallear','kgallear28@quantcast.com
Helga','Gotthard.sf','hgotthardsf29@bravesites.com
Alis','Huffey','
Marcille','Merrigans','mmerrigans2b@bizjournals.com
Cristian','McGavin','
Saundra','Bril','sbril2d@utexas.edu
Heall','Libbis','hlibbis2e@g.co
Prudi','Maccrie','pmaccrie2f@cbslocal.com
Cesare','Gluyas','cgluyas2g@nbcnews.com
Bertrando','Conklin','bconklin2h@bloglovin.com
Juanita','Dullard','jdullard2i@prlog.org
Anatol','Moxstead','amoxstead2j@edublogs.org
Britta','Pyle','bpyle2k@weibo.com
Minnie','Gascoyne','mgascoyne2l@dropbox.com
Oona','Perle','operle2m@disqus.com
Niles','Lewsy','nlewsy2n@state.tx.us
Tish','','ttaveriner2o@scribd.com
','Banasevich','tbanasevich2p@tmall.com
Abbey','Kunkler','akunkler2q@flickr.com
Violante','Gaynsford','vgaynsford2r@walmart.com
Gawen','Memory','gmemory2s@theglobeandmail.com
Klarrisa','Dalston','kdalston2t@zimbio.com
Orran','Stanbury','
Trenna','','tormiston2v@yahoo.co.jp
Colver','Haythornthwaite','chaythornthwaite2w@typepad.com
Rip','Saphin','rsaphin2x@ustream.tv
Megen','Petticrow','mpetticrow2y@wunderground.com
Wanids','Manoch','wmanoch2z@blogger.com
Modesta','Hitschke','mhitschke30@cpanel.net
Aline','Manus','amanus31@drupal.org
Sascha','Habert','shabert32@1688.com
Magdalene','Demkowicz','mdemkowicz33@geocities.jp
Kaleena','Habble','khabble34@tinypic.com
Lesley','Fruish','lfruish35@salon.com
Shawn','Harden','
Valentino','Simla','vsimla37@netscape.com
Lotta','Pietsma','lpietsma38@slate.com
Myra','Boal','mboal39@bluehost.com
Chloris','Galbreath','cgalbreath3a@oracle.com
Harald','Chasmar','hchasmar3b@soup.io
Genvieve','Hirtz','
Rodrique','Konertz','rkonertz3d@github.com
Davide','Flowith','dflowith3e@nature.com
Cicely','Clegg','cclegg3f@whitehouse.gov
Sanford','McQuaide','smcquaide3g@army.mil
Carlyn','Teideman','cteideman3h@facebook.com
Ferdinanda','Liepins','fliepins3i@trellian.com
Isaak','Bruineman','ibruineman3j@wikia.com
Sissy','Hacaud','shacaud3k@twitter.com
Reinald','O''Rowane','rorowane3l@ebay.com
Isidore','Thomen','ithomen3m@tuttocitta.it
','Shallow','cshallow3n@t-online.de
Jessalin','Moorman','jmoorman3o@weather.com
Ninon','Balden','nbalden3p@yolasite.com
Sherri','Windsor','swindsor3q@intel.com
Ozzy','Ruppert','oruppert3r@liveinternet.ru
Olenka','Utley','outley3s@ameblo.jp
','Grievson','zgrievson3t@wired.com
Celestyn','Esselen','cesselen3u@usgs.gov
Niki','Plampin','nplampin3v@si.edu
','Renison','mrenison3w@e-recht24.de
Fidelity','Rackstraw','frackstraw3x@mediafire.com
Laney','Mayworth','lmayworth3y@bravesites.com
Emanuele','Pulley','epulley3z@shinystat.com
Fin','Elcom','felcom40@sbwire.com
Rod','Assur','rassur41@yahoo.co.jp
Dallis','Medlicott','dmedlicott42@rambler.ru
Elfrieda','Lidgerton','elidgerton43@lulu.com
Garret','Offill','goffill44@discuz.net
Obidiah','Spracklin','ospracklin45@ibm.com
Agata','Clifton','aclifton46@gmpg.org
Peta','Whyberd','pwhyberd47@mit.edu
Titus','Leile','tleile48@alibaba.com
Mamie','Danilowicz','mdanilowicz49@utexas.edu
Toddie','Roderigo','troderigo4a@blogger.com
Tommy','Allington','tallington4b@ocn.ne.jp
Moina','Alvarado','malvarado4c@squarespace.com
Boony','Olenikov','bolenikov4d@whitehouse.gov
Claretta','','ccordoba4e@craigslist.org
Valdemar','Kitchingman','vkitchingman4f@boston.com
Carmina','','cberkley4g@marriott.com
Emeline','Dufton','edufton4h@tuttocitta.it
Rayna','Connar','rconnar4i@hugedomains.com
Galvin','Tallowin','gtallowin4j@bluehost.com
Susana','Vinnicombe','svinnicombe4k@soup.io
Huntlee','Trapp','htrapp4l@photobucket.com
Daryl','Gaffey','dgaffey4m@domainmarket.com
Anet','Scotfurth','ascotfurth4n@blogspot.com
Sal','Todaro','stodaro4o@i2i.jp
Ellwood','Nursey','enursey4p@nhs.uk
Erika','Jerdein','ejerdein4q@privacy.gov.au
Bern','Bridell','bbridell4r@tumblr.com
Jourdain','Buckby','jbuckby4s@vistaprint.com
Quincey','Desesquelle','qdesesquelle4t@hao123.com
Darice','Dyett','ddyett4u@yellowbook.com
Melodee','Miettinen','mmiettinen4v@latimes.com
Maddy','Runnalls','mrunnalls4w@dailymail.co.uk
','Ditty','dditty4x@skyrock.com
Merrie','Searjeant','msearjeant4y@tamu.edu
Angil','Tipens','atipens4z@soup.io
Braden','Fitter','bfitter50@amazon.de
Brenden','Spracklin','bspracklin51@europa.eu
Cleopatra','Beveridge','cbeveridge52@geocities.jp
Doyle','Elsop','delsop53@goo.ne.jp
Alla','','aflecknell54@slideshare.net
Agnella','Di Giorgio','
Karoline','Persicke','kpersicke56@tumblr.com
Sloane','Kalisz','skalisz57@mapy.cz
Dulcine','Siemons','dsiemons58@desdev.cn
Nicolai','Duigan','nduigan59@ibm.com
Marj','','mridder5a@bravesites.com
Petronilla','Aird','paird5b@phoca.cz
Rickert','Duly','rduly5c@joomla.org
Brigitta','Hadrill','bhadrill5d@mail.ru
Pooh','Hariot','phariot5e@zimbio.com
Sawyer','Bicknell','sbicknell5f@apple.com
Madison','Di Francecshi','mdifrancecshi5g@sohu.com
Harmonie','Schust','hschust5h@sun.com
Pollyanna','Merriman','pmerriman5i@google.nl
Raynell','Espinoy','respinoy5j@acquirethisname.com
Maryjo','Veque','mveque5k@etsy.com
Carrie','Bagguley','cbagguley5l@hatena.ne.jp
Lou','Nossent','lnossent5m@howstuffworks.com
Mark','Woolliams','mwoolliams5n@typepad.com
Florry','Gubbin','fgubbin5o@umich.edu
Delmar','Gossling','dgossling5p@dyndns.org
Skipp','Sellan','ssellan5q@homestead.com
Richart','Farmiloe','rfarmiloe5r@infoseek.co.jp
Hayes','Le Houx','hlehoux5s@infoseek.co.jp
Marjy','Bushrod','mbushrod5t@feedburner.com
Kareem','Kiehne','kkiehne5u@goo.ne.jp
Carroll','Brookfield','cbrookfield5v@ifeng.com
Herc','Oboy','hoboy5w@tuttocitta.it
Thadeus','D''Oyly','tdoyly5x@godaddy.com
Beryle','Lugg','blugg5y@artisteer.com
Yovonnda','McAuliffe','ymcauliffe5z@un.org
Flin','Beech','fbeech60@hugedomains.com
Appolonia','Dablin','adablin61@wix.com
Michal','','mbucke62@com.com
Adara','Gullivan','agullivan63@businesswire.com
Gabrielle','','gsympson64@freewebs.com
Addie','','adreigher65@t.co
Ardis','','acammiemile66@odnoklassniki.ru
Sallee','Vannuchi','svannuchi67@wordpress.org
Garry','Meah','gmeah68@cbsnews.com
Denni','Polack','dpolack69@psu.edu
Alic','Basezzi','abasezzi6a@arstechnica.com
Codi','Ivanchikov','civanchikov6b@usatoday.com
Christiana','','cbenterman6c@merriam-webster.com
Laverna','Winfindale','lwinfindale6d@ustream.tv
','Juggings','cjuggings6e@hugedomains.com
Hester','','hpauls6f@google.es
Base','Jeffryes','bjeffryes6g@about.me
Jereme','Copper','jcopper6h@independent.co.uk
Haskel','Kalaher','hkalaher6i@slideshare.net
Claudell','McKeller','cmckeller6j@washingtonpost.com
Jaime','Camolli','jcamolli6k@pagesperso-orange.fr
Edythe','Mixer','emixer6l@go.com
Leoine','Bagguley','lbagguley6m@wiley.com
Ronalda','Authers','rauthers6n@acquirethisname.com
Kathlin','Hendren','khendren6o@ucla.edu
Kerk','Ramsted','kramsted6p@indiegogo.com
Lyn','Shinn','lshinn6q@nytimes.com
Nelia','Oddey','noddey6r@java.com
','Thaw','vthaw6s@globo.com
Tamera','Burchmore','tburchmore6t@a8.net
Paul','Ker','pker6u@nba.com
Kaitlin','Fawdry','kfawdry6v@php.net
Avis','Norval','anorval6w@surveymonkey.com
Anne-marie','Muriel','amuriel6x@addthis.com
Janelle','Farncomb','jfarncomb6y@illinois.edu
Maryjo','Kornilyev','mkornilyev6z@virginia.edu
Danny','Eakley','deakley70@goo.ne.jp
Pearce','Doniso','pdoniso71@themeforest.net
Ronny','Yurchishin','ryurchishin72@g.co
Dew','McKinna','dmckinna73@virginia.edu
Pearla','Eilhart','peilhart74@icio.us
Scot','Huthart','shuthart75@prlog.org
Juliane','Thursfield','jthursfield76@so-net.ne.jp
Felicio','Stoate','fstoate77@photobucket.com
Chandal','Barhams','cbarhams78@chron.com
Iorgos','Binny','ibinny79@meetup.com
','McCarrick','jmccarrick7a@dmoz.org
Ada','Defraine','adefraine7b@discuz.net
Kirsten','Frounks','kfrounks7c@squarespace.com
Peyter','Murphy','pmurphy7d@paginegialle.it
Jedd','Thorald','jthorald7e@sciencedaily.com
','Pinkie','spinkie7f@aol.com
','','jemptage7g@github.io
Maxy','','mbrownlie7h@nature.com
Abbe','Grigorini','agrigorini7i@prnewswire.com
Sharity','','sseckington7j@cargocollective.com
','Sebright','nsebright7k@tiny.cc
Randy','Bage','rbage7l@fema.gov
Donni','Scoggans','dscoggans7m@about.me
Wilden','Matteuzzi','wmatteuzzi7n@opera.com
Teddi','Dymott','tdymott7o@moonfruit.com
Robinette','Syphas','rsyphas7p@examiner.com
Somerset','Braiden','sbraiden7q@sfgate.com
Kasper','Rubroe','krubroe7r@dmoz.org
Mallory','McCloughlin','mmccloughlin7s@oakley.com
Ayn','Etteridge','aetteridge7t@jiathis.com
Kacie','Phonix','kphonix7u@yolasite.com
Nelia','Senton','nsenton7v@angelfire.com
Ephraim','Snoxall','esnoxall7w@hc360.com
Hermine','Tomisch','htomisch7x@cnbc.com
Genna','Ambrogiotti','gambrogiotti7y@state.gov
Jeanette','Mahoney','jmahoney7z@jimdo.com
Willa','Pistol','wpistol80@va.gov
Vittoria','Ovendon','vovendon81@google.pl
Yalonda','Caldes','ycaldes82@about.me
Kenna','Bangs','kbangs83@chronoengine.com
Perri','Wicklen','pwicklen84@wiley.com
Georgie','','gjeayes85@jiathis.com
Toiboid','Voyce','tvoyce86@shareasale.com
Del','Aberchirder','
Lilli','Witherow','lwitherow88@arizona.edu
Hillier','Kelsow','
Rube','Lamprey','rlamprey8a@redcross.org
Amerigo','Pahler','apahler8b@dot.gov
Juan','Herreros','jherreros8c@smh.com.au
Edan','','enoblet8d@google.fr
Tod','Bains','tbains8e@sfgate.com
Skipper','Turl','sturl8f@springer.com
Lynne','Woehler','lwoehler8g@google.com.au
Bridgette','Febvre','bfebvre8h@flavors.me
Auria','Kybbye','akybbye8i@cbc.ca
Cathee','','cgurnell8j@icio.us
Lynn','Willshere','lwillshere8k@cnn.com
King','','kcoaster8l@digg.com
Gerardo','Stallan','gstallan8m@usa.gov
Reynolds','Gouldbourn','rgouldbourn8n@google.com
Timmy','Dammarell','tdammarell8o@ftc.gov
Natalie','Elcomb','nelcomb8p@tumblr.com
Lazare','Statersfield','lstatersfield8q@vimeo.com
Gillan','Davitti','gdavitti8r@independent.co.uk
Marci','McBrearty','mmcbrearty8s@alexa.com
','Jenkison','tjenkison8t@ezinearticles.com
Scotti','Stirrip','sstirrip8u@weather.com
Lilli','Heersma','lheersma8v@delicious.com
Anton','Beek','abeek8w@google.fr
Vivianne','Eiler','veiler8x@opensource.org
Roi','Siemantel','rsiemantel8y@feedburner.com
Dorree','Lyles','dlyles8z@comcast.net
Benedicto','Roels','broels90@microsoft.com
Therine','Jahan','tjahan91@sitemeter.com
Harri','Tudgay','htudgay92@fastcompany.com
Clare','Robertsson','crobertsson93@theglobeandmail.com
Wilfrid','Lowy','wlowy94@behance.net
Bruce','Kondrachenko','bkondrachenko95@creativecommons.org
Gerardo','Laybourne','glaybourne96@narod.ru
Dalis','Chapling','dchapling97@scientificamerican.com
Kimble','Newbatt','knewbatt98@example.com
Babita','Eisikowitz','beisikowitz99@skyrock.com
Vince','Milleton','vmilleton9a@youtube.com
Rhianna','Polley','rpolley9b@spiegel.de
Alexi','Eddow','aeddow9c@psu.edu
Berny','Duckham','bduckham9d@answers.com
Wyndham','Cleverley','wcleverley9e@ezinearticles.com
Kayla','Levet','klevet9f@google.com.hk
Donella','Antonucci','dantonucci9g@amazonaws.com
Ondrea','Burgan','oburgan9h@cafepress.com
Harv','Kimber','hkimber9i@artisteer.com
Charmane','Goncalo','cgoncalo9j@elegantthemes.com
Gerry','Shatford','gshatford9k@wordpress.com
Mindy','','mcrinkley9l@naver.com
Blaire','Balasin','bbalasin9m@istockphoto.com
Janifer','Wann','jwann9n@weather.com
Alla','Schohier','aschohier9o@spiegel.de
Constantino','Sivorn','csivorn9p@reverbnation.com
Elonore','Lestrange','elestrange9q@vinaora.com
Gaven','Kingsland','gkingsland9r@apache.org
','Shackle','sshackle9s@time.com
Sheilah','Dashkovich','sdashkovich9t@intel.com
Enrique','Wethey','ewethey9u@boston.com
Tamqrah','Lowin','
Shell','Shepherd','sshepherd9w@bravesites.com
Wash','Walas','wwalas9x@slideshare.net
Taffy','','tabrahart9y@berkeley.edu
Courtney','McLinden','cmclinden9z@pbs.org
Gianina','Buxy','gbuxya0@indiatimes.com
Georgie','Walshaw','gwalshawa1@toplist.cz
Nevsa','Mewis','nmewisa2@whitehouse.gov
Marguerite','','mcoggina3@pagesperso-orange.fr
Starla','','swederella4@noaa.gov
Bobbi','Mickan','bmickana5@friendfeed.com
Erroll','Innett','einnetta6@ehow.com
Sim','Agglione','sagglionea7@tripadvisor.com
Darn','Houldey','dhouldeya8@shareasale.com
Ethelin','Brasier','ebrasiera9@linkedin.com
Anetta','','abrislenaa@bloglines.com
Giselbert','','gbulbeckab@abc.net.au
Caritta','Offer','cofferac@flavors.me
Waite','Baudacci','wbaudacciad@issuu.com
Elvyn','Heintsch','eheintschae@ow.ly
Idell','Chasier','ichasieraf@skyrock.com
Ariadne','Ransome','aransomeag@technorati.com
','Treadaway','btreadawayah@google.com.br
Coletta','Evins','cevinsai@chron.com
Concettina','Frye','cfryeaj@typepad.com
Maisey','','mmanginak@edublogs.org
Lyndsay','Gile','lgileal@cbc.ca
Eduard','Meaney','emeaneyam@buzzfeed.com
Maje','Smythe','msmythean@google.ru
Mommy','Bento','mbentoao@sbwire.com
Monro','Charsley','mcharsleyap@123-reg.co.uk
Sly','Wrathall','swrathallaq@nba.com
Sybilla','Cradoc','scradocar@omniture.com
Waneta','Matyushkin','wmatyushkinas@ebay.co.uk
Sutherland','Conway','sconwayat@examiner.com
Zebedee','Terbeck','zterbeckau@e-recht24.de
Aubrey','Boshell','
Cori','Keddy','ckeddyaw@nymag.com
Bruno','Fibbit','bfibbitax@mapquest.com
Tibold','Lambrecht','tlambrechtay@gizmodo.com
Elisabetta','Egle of Germany','eegleofgermanyaz@spotify.com
Fifi','Hiscoe','fhiscoeb0@chicagotribune.com
Harley','Ivankovic','hivankovicb1@oracle.com
????','??','arossonib2@paginegialle.it
Winne','Thys','wthysb3@netlog.com
Miranda','Notton','mnottonb4@house.gov
Percy','Yetts','pyettsb5@taobao.com
Henrieta','Knott','hknottb6@dedecms.com
Olympia','Baccus','obaccusb7@rakuten.co.jp
Bron','Benbow','
Frasier','','fstanneyb9@unblog.fr
Jerome','Hadkins','
Parke','Tabourel','ptabourelbb@si.edu
Gilemette','Kilgallon','gkilgallonbc@etsy.com
Micaela','Sawyer','msawyerbd@usa.gov
Clemmy','Beeze','cbeezebe@artisteer.com
Early','Habbergham','ehabberghambf@qq.com
Lauree','Riep','lriepbg@google.com.hk
Rosalyn','Kinghorne','rkinghornebh@samsung.com
Emmye','Goldstein','egoldsteinbi@uiuc.edu
Eada','Butter','ebutterbj@washington.edu
Sansone','Weller','swellerbk@ucoz.ru
Craggy','Terrington','cterringtonbl@tmall.com
Rickert','Merit','rmeritbm@usnews.com
Lenci','Tointon','
Gav','Landre','glandrebo@imgur.com
Flossy','De Antoni','fdeantonibp@miitbeian.gov.cn
May','','mcribbinbq@cbslocal.com
Alberto','','aadamowiczbr@cam.ac.uk
Sandy','Duthie','sduthiebs@japanpost.jp
Karlens','Palombi','kpalombibt@booking.com
Kaitlynn','Maffin','kmaffinbu@com.com
Chloe','Sussams','csussamsbv@washington.edu
Gennifer','Ruggs','gruggsbw@apple.com
Maggie','Balfe','mbalfebx@1688.com
Stacia','Juszczak','sjuszczakby@sogou.com
Wilhelmine','Knivett','wknivettbz@dion.ne.jp
Thorvald','Krale','tkralec0@facebook.com
Benoit','Stileman','bstilemanc1@guardian.co.uk
Nikoletta','','ndebellisc2@barnesandnoble.com
Nancey','Rainard','nrainardc3@ovh.net
Imelda','Chumley','ichumleyc4@businessinsider.com
Winni','Matessian','wmatessianc5@cafepress.com
Olive','Delicate','odelicatec6@jugem.jp
Geraldine','Westcot','gwestcotc7@altervista.org
Westbrook','Branigan','
','Davenhill','ddavenhillc9@imgur.com
Haywood','Kleinhausen','
Goldia','Songest','gsongestcb@mlb.com
Madonna','Mion','mmioncc@pcworld.com
Kally','Vynoll','kvynollcd@elegantthemes.com
Tatiana','Wonfar','twonfarce@time.com
Rickie','Fearick','rfearickcf@webs.com
???','???','rbatalinicg@storify.com
','Fradgley','dfradgleych@goo.ne.jp
Clara','Gillitt','cgillittci@businessweek.com
Aluin','','aokeevancj@nasa.gov
Juan','Dewer','jdewerck@nih.gov
Evangelin','Defries','edefriescl@imgur.com
Cissy','Yesson','cyessoncm@economist.com
Rosene','Garnham','rgarnhamcn@woothemes.com
Ediva','Lipsett','elipsettco@cnet.com
Jacinta','Maddocks','jmaddockscp@freewebs.com
Vitia','','vnetherwoodcq@blogs.com
Kaitlyn','','kwahnckecr@4shared.com
','Schoales','cschoalescs@people.com.cn
Tammy','Titheridge','ttitheridgect@bbb.org
Ediva','Domm','edommcu@e-recht24.de
Libbie','','lblanchetcv@technorati.com
Elsie','Banaszkiewicz','ebanaszkiewiczcw@paginegialle.it
Maggee','Gulberg','mgulbergcx@google.com
Marven','Brideoke','mbrideokecy@columbia.edu
Sascha','Greggs','sgreggscz@blog.com
Elnar','Rayne','erayned0@sfgate.com
','Brookwell','tbrookwelld1@engadget.com
Ingra','Spacie','ispacied2@multiply.com
Kelli','Point','kpointd3@gizmodo.com
Perren','Pechard','ppechardd4@drupal.org
Hillier','Schumacher','hschumacherd5@usnews.com
Stewart','Lipson','slipsond6@latimes.com
','Brachell','cbrachelld7@cargocollective.com
Missy','McCowen','mmccowend8@yahoo.co.jp
Xever','Persehouse','xpersehoused9@pbs.org
Geoff','Wilse','gwilseda@usda.gov
Aggy','Friatt','afriattdb@google.ca
Collin','','cmccorriedc@domainmarket.com
Innis','Killeley','ikilleleydd@oakley.com
','Edbrooke','nedbrookede@unesco.org
','Whittuck','gwhittuckdf@deliciousdays.com
Tory','Croote','tcrootedg@multiply.com
Maximo','Posthill','mposthilldh@thetimes.co.uk
Mickey','Farrears','mfarrearsdi@freewebs.com
Jeddy','Tunder','jtunderdj@dagondesign.com
Isidore','Janiszewski','ijaniszewskidk@yahoo.com
Cozmo','Enticott','centicottdl@arstechnica.com
Bev','Blacksland','bblackslanddm@livejournal.com
Kiley','','kmckinnadn@ibm.com
Payton','Swannie','
Flossie','Sylett','fsylettdp@businesswire.com
Jareb','Jansky','jjanskydq@tiny.cc
Ricky','Towey','rtoweydr@sourceforge.net
Arin','Warburton','awarburtonds@gizmodo.com
Munmro','','mstormesdt@last.fm
Cédille','Tréma','akynseydu@163.com
Charita','Larcier','clarcierdv@miibeian.gov.cn
Fredia','Josskowitz','fjosskowitzdw@amazon.co.uk
Denys','Jewise','djewisedx@howstuffworks.com
Dory','Kemmish','
Zonnya','Thew','zthewdz@ucla.edu
Sly','O'' Flaherty','soflahertye0@gov.uk
Byran','Borchardt','bborchardte1@wordpress.com
Cristian','Gilpin','cgilpine2@opensource.org
Modesty','','mcanee3@discuz.net
Vivien','','vshaefere4@theglobeandmail.com
Leah','Ryce','lrycee5@answers.com
Venus','Siege','vsiegee6@friendfeed.com
Melicent','Atherley','matherleye7@senate.gov
Mayne','','mhaggathe8@forbes.com
Mace','','
Roberto','Rosewarne','rrosewarneea@illinois.edu
Kathe','Effaunt','keffaunteb@instagram.com
Eadie','Creddon','ecreddonec@dion.ne.jp
Nanete','Newlands','nnewlandsed@washingtonpost.com
Kinna','Horburgh','khorburghee@eventbrite.com
Perl','Masson','pmassonef@skyrock.com
Winslow','Lingfoot','
Olvan','Wiggins','owigginseh@engadget.com
Brew','Arnatt','barnattei@elegantthemes.com
Dollie','Adrian','dadrianej@creativecommons.org
','Feifer','mfeiferek@oakley.com
Georgeanna','Seine','gseineel@wisc.edu
Alverta','Cutten','acuttenem@nationalgeographic.com
Appolonia','Magrannell','amagrannellen@tripod.com
Gothart','Twitchett','gtwitchetteo@ebay.co.uk
Matilda','Plastow','
Becca','Twinborough','btwinborougheq@pinterest.com
Otha','Glover','ogloverer@unicef.org
Larina','Klesel','lkleseles@ning.com
Al','Bonallack','abonallacket@weebly.com
Anallise','Klimentyonok','aklimentyonokeu@unblog.fr
Joela','Wickerson','jwickersonev@ucsd.edu
Tish','Sheen','tsheenew@msn.com
','Francisco','afranciscoex@ucoz.com
Richie','Keays','rkeaysey@sohu.com
Nani','Bosman','nbosmanez@amazon.co.jp
','Stawell','bstawellf0@nasa.gov
','Mabey','hmabeyf1@zimbio.com
Emalee','Hynd','ehyndf2@marriott.com
Moritz','Wasmer','mwasmerf3@ftc.gov
Bernetta','Burren','bburrenf4@yolasite.com
Alyse','Aughton','aaughtonf5@uiuc.edu
Elisabeth','Dowgill','edowgillf6@sohu.com
Llywellyn','Forre','lforref7@github.com
Cristina','Dowsey','cdowseyf8@constantcontact.com
Harmony','Parman','hparmanf9@bizjournals.com
Culver','Hawyes','chawyesfa@microsoft.com
Bucky','Careswell','bcareswellfb@stumbleupon.com
Maison','Goullee','mgoulleefc@wikispaces.com
Koenraad','Driffield','kdriffieldfd@elegantthemes.com
Osmund','Greim','ogreimfe@google.fr
Gail','Brandenburg','gbrandenburgff@sourceforge.net
Bertina','Tarren','btarrenfg@cisco.com
Tann','Summergill','tsummergillfh@pbs.org
Oliy','Lyfield','olyfieldfi@arstechnica.com
Elvira','','eyantsevfj@typepad.com
','Polle','epollefk@myspace.com
Sayre','Ison','sisonfl@ca.gov
Adair','Critchell','acritchellfm@discovery.com
Reggie','Daly','rdalyfn@ca.gov
Roanne','Hinz','rhinzfo@ameblo.jp
Jaye','','jbrackstonefp@nsw.gov.au
Camilla','Acutt','cacuttfq@theatlantic.com
Joe','Askwith','jaskwithfr@symantec.com
Kirby','Domek','kdomekfs@businessweek.com
Pace','','pbexleyft@soundcloud.com
Suzann','Turpie','sturpiefu@mozilla.org
Oralla','McQuarrie','omcquarriefv@spiegel.de
Adrienne','Broadhurst','abroadhurstfw@nasa.gov
Liuka','Kharchinski','lkharchinskifx@addthis.com
Thorsten','McCarlie','tmccarliefy@tripadvisor.com
Tierney','Berthod','tberthodfz@opera.com
Jasen','Kinsell','jkinsellg0@artisteer.com
Clifford','Boarleyson','cboarleysong1@meetup.com
Penelopa','Southan','psouthang2@dion.ne.jp
Coleman','Jizhaki','cjizhakig3@youku.com
Casie','Stump','cstumpg4@washington.edu
Aldis','Skittreal','askittrealg5@edublogs.org
Othello','Wride','owrideg6@oracle.com
Billie','Lorentzen','blorentzeng7@yahoo.com
Glenden','Medmore','gmedmoreg8@freewebs.com
Ansell','Decort','adecortg9@blinklist.com
Sibella','Franssen','sfranssenga@shop-pro.jp
Marjie','Lintall','mlintallgb@soup.io
Ardra','Lassen','alassengc@booking.com
Saundra','Filasov','sfilasovgd@telegraph.co.uk
Rosalynd','','raustenge@t-online.de
Lusa','Bouzek','lbouzekgf@blog.com
Lea','Kilty','lkiltygg@tripod.com
Robinet','De Pietri','rdepietrigh@i2i.jp
Elka','Grisedale','egrisedalegi@ask.com
Germain','Balderson','gbaldersongj@google.co.jp
Steffane','Manes','smanesgk@t-online.de
Sky','Angelo','sangelogl@theatlantic.com
Reagan','Poli','rpoligm@wikispaces.com
Rowney','Plaister','rplaistergn@nationalgeographic.com
Tiphany','Clapston','tclapstongo@rambler.ru
Karlie','Langrish','klangrishgp@hatena.ne.jp
Sophey','','sleaskgq@homestead.com
Bar','Pezey','bpezeygr@vistaprint.com
Emma','Braisted','ebraistedgs@huffingtonpost.com
Cherin','','caslamgt@xing.com
','Ivkovic','aivkovicgu@clickbank.net
','Fylan','nfylangv@com.com
Alvinia','Garrioch','agarriochgw@usatoday.com
Liv','Pennyman','lpennymangx@vinaora.com
Morly','Blest','mblestgy@uol.com.br
Sonnnie','Milan','smilangz@whitehouse.gov
Tristan','Hanniger','thannigerh0@tumblr.com
Rozele','Lamprey','rlampreyh1@creativecommons.org
Barn','Augustine','baugustineh2@bloglovin.com
Jaymee','Fyrth','jfyrthh3@spotify.com
Allyce','Finnimore','afinnimoreh4@webmd.com
Orran','Howgego','
Agata','Champ','achamph6@nydailynews.com
Joeann','Boulstridge','jboulstridgeh7@indiegogo.com
','Barmadier','rbarmadierh8@feedburner.com
Nicolis','Langdridge','nlangdridgeh9@dot.gov
Gwyn','Zwicker','gzwickerha@usa.gov
Celeste','Pavyer','cpavyerhb@amazonaws.com
Sheela','Sowrey','ssowreyhc@free.fr
Woody','Gawne','wgawnehd@wix.com
Keefe','Gaye','kgayehe@blog.com
','Karpman','mkarpmanhf@opera.com
Cacilie','Domenc','cdomenchg@ftc.gov
Esmaria','Hardwich','ehardwichhh@ucsd.edu
Phillis','Atthow','patthowhi@businessweek.com
Carlye','Pennini','cpenninihj@webnode.com
Derrek','','dkenefordehk@pbs.org
Lew','Risson','lrissonhl@amazonaws.com
Rosanne','Vergo','rvergohm@unblog.fr
Arlette','Addlestone','aaddlestonehn@google.nl
Annmarie','Arling','aarlingho@sohu.com
Rosalinda','Freed','rfreedhp@cloudflare.com
Toiboid','Maccaig','tmaccaighq@scientificamerican.com
Caesar','','cjayshr@nsw.gov.au
Erasmus','Steedman','esteedmanhs@t-online.de
Artur','Hovee','ahoveeht@ca.gov
Blondelle','McKirdy','bmckirdyhu@smh.com.au
Lorettalorna','Capini','lcapinihv@dagondesign.com
Sayre','Extence','sextencehw@qq.com
Tamar','McMoyer','tmcmoyerhx@ucla.edu
Tiff','Starzaker','tstarzakerhy@zimbio.com
Beauregard','Mitten','bmittenhz@imgur.com
Allx','Pettman','apettmani0@infoseek.co.jp
Kristien','Huleatt','khuleatti1@cnn.com
Kameko','Litherland','klitherlandi2@ucoz.ru
Aurelia','Ponnsett','aponnsetti3@berkeley.edu
Karlens','Dumbarton','kdumbartoni4@businesswire.com
Danila','L''Episcopi','dlepiscopii5@ucoz.com
Mariejeanne','Pinnere','mpinnerei6@wiley.com
Abie','','asisnerosi7@slate.com
Lainey','Moutray Read','lmoutrayreadi8@netscape.com
Ariana','MacNeillie','amacneilliei9@apple.com
Lucais','Fundell','lfundellia@buzzfeed.com
Harold','Scrimgeour','hscrimgeourib@whitehouse.gov
Carolyn','','cfanningic@deviantart.com
Nert','Timms','ntimmsid@so-net.ne.jp
Nadia','Bartalot','nbartalotie@dyndns.org
Sharron','Wetherby','swetherbyif@ca.gov
Samaria','Ygo','sygoig@phoca.cz
Dalenna','Chesnay','dchesnayih@umich.edu
Michel','Streeton','mstreetonii@soup.io
Riobard','Ivens','rivensij@goo.ne.jp
Melosa','Proudler','mproudlerik@un.org
Care','Beswell','cbeswellil@alexa.com
Maryellen','Goodright','mgoodrightim@ovh.net
Brant','Pauletti','bpaulettiin@scribd.com
Brennan','Ahmed','bahmedio@mlb.com
','Haydney','fhaydneyip@seesaa.net
Ashia','Iglesias','aiglesiasiq@timesonline.co.uk
','Blankenship','mblankenshipir@live.com
Heinrick','Edmunds','hedmundsis@sbwire.com
Bart','Fenna','bfennait@reddit.com
Chrystal','Stellman','cstellmaniu@pinterest.com
Sheeree','Kermon','
Dorita','Neylan','dneylaniw@1und1.de
Marlena','Hardwin','mhardwinix@si.edu
Donny','Lardier','dlardieriy@mayoclinic.com
Marja','','mpalphreymaniz@globo.com
Stafford','Stogill','sstogillj0@hc360.com
Delainey','Colville','dcolvillej1@apple.com
','Depka','gdepkaj2@tmall.com
Lyon','Duly','ldulyj3@cpanel.net
Fayth','Aarons','faaronsj4@vinaora.com
Galven','Loraine','glorainej5@chicagotribune.com
Barrett','Dongall','bdongallj6@flickr.com
Marius','Loveredge','mloveredgej7@cafepress.com
Cris','Quinnelly','cquinnellyj8@psu.edu
Dione','Delgado','ddelgadoj9@smh.com.au
Sharleen','Bunston','sbunstonja@weebly.com
Carmon','','ckleynjb@weebly.com
Dani','Plet','dpletjc@clickbank.net
Ashley','Griggs','agriggsjd@marriott.com
Norean','Hammor','nhammorje@macromedia.com
Nestor','Curling','ncurlingjf@csmonitor.com
Melisande','Penniall','mpennialljg@tripadvisor.com
Culley','Nassau','cnassaujh@jigsy.com
Pembroke','Raddenbury','praddenburyji@1688.com
Sharla','MacGrath','smacgrathjj@ocn.ne.jp
Bert','Messruther','bmessrutherjk@spiegel.de
Orland','Yuryshev','oyuryshevjl@techcrunch.com
Merry','Bonnor','mbonnorjm@hatena.ne.jp
Dalli','MacKaile','dmackailejn@tuttocitta.it
Celeste','Greenhill','cgreenhilljo@studiopress.com
Rogers','Posvner','rposvnerjp@huffingtonpost.com
Siffre','Marvin','smarvinjq@zimbio.com
Idalina','','ichoppingjr@adobe.com
Kelsy','Fowkes','kfowkesjs@dropbox.com
','Mutton','lmuttonjt@ning.com
Juli','Dehn','jdehnju@unc.edu
Rowan','Puckett','rpuckettjv@salon.com
Lorine','Mityushkin','lmityushkinjw@hostgator.com
Lacey','Freyne','
','MacGillacolm','lmacgillacolmjy@marriott.com
Lars','Pencott','lpencottjz@hubpages.com
Blythe','Tesmond','btesmondk0@amazon.co.jp
Issy','Wynter','iwynterk1@unicef.org
Rafe','Gabites','rgabitesk2@miibeian.gov.cn
Cathi','Eddies','ceddiesk3@odnoklassniki.ru
Michel','Scottini','mscottinik4@senate.gov
','','jcleminshawk5@sohu.com
Elenore','Dunk','edunkk6@bluehost.com
Rex','Dalrymple','rdalrymplek7@whitehouse.gov
Rex','','rsandefordk8@usatoday.com
Corri','Haskins','chaskinsk9@google.com.hk
Rollo','Eick','reickka@wsj.com
Alvy','Robson','arobsonkb@howstuffworks.com
','Merill','jmerillkc@addthis.com
Merill','Schaffel','mschaffelkd@friendfeed.com
Lulu','Hirth','lhirthke@prweb.com
Kellina','','kshorrockkf@virginia.edu
Dav','Turrell','dturrellkg@w3.org
Retha','Ennew','rennewkh@aol.com
Olenka','Limpenny','olimpennyki@nbcnews.com
Ilsa','Mielnik','imielnikkj@bloglovin.com
Maribelle','Hapke','mhapkekk@posterous.com
Arlin','Eyre','aeyrekl@indiegogo.com
Cointon','Ladlow','cladlowkm@github.io
Elianore','Burrells','eburrellskn@accuweather.com
Niel','Woolfall','nwoolfallko@about.com
Nicki','Curcher','ncurcherkp@artisteer.com
Valencia','Menloe','vmenloekq@issuu.com
Rici','Macvey','rmacveykr@elegantthemes.com
Valaria','Yglesia','vyglesiaks@bloglovin.com
Vinny','Hammarberg','vhammarbergkt@addthis.com
Celka','Poltun','cpoltunku@slideshare.net
Rickard','Kittow','rkittowkv@cloudflare.com
Liv','Jenny','ljennykw@irs.gov
Cherilynn','Yushkov','cyushkovkx@bizjournals.com
Rex','Fruish','rfruishky@tripod.com
Caldwell','O''Shavlan','coshavlankz@jugem.jp
Corinne','McUre','cmcurel0@java.com
Melloney','De Carlo','mdecarlol1@hhs.gov
Antone','O''Dooghaine','aodooghainel2@sphinn.com
Myrilla','Bing','mbingl3@cnn.com
Freda','Stripp','fstrippl4@soundcloud.com
Sandro','Besse','sbessel5@indiegogo.com
Tab','Crosfeld','tcrosfeldl6@ucsd.edu
Luz','Wittier','lwittierl7@scientificamerican.com
Roderic','Scattergood','rscattergoodl8@meetup.com
Rosemaria','Steggles','rstegglesl9@gravatar.com
Jory','Osbiston','josbistonla@aboutads.info
','Czyz','oczyzlb@yelp.com
Inga','Loveredge','iloveredgelc@ovh.net
Hamlen','Tyreman','htyremanld@ftc.gov
Teddie','Deinert','tdeinertle@live.com
Lise','Micheau','lmicheaulf@java.com
Kellyann','','kwitchallslg@sciencedaily.com
Jeannie','Moscrop','jmoscroplh@miitbeian.gov.cn
Audrie','Ewing','aewingli@51.la
Pierce','Allison','pallisonlj@bigcartel.com
Bibbie','Joseff','bjosefflk@dedecms.com
Bale','Powis','bpowisll@ning.com
Corrie','','cliversedgelm@vk.com
Waylan','Le Barre','wlebarreln@state.gov
Katuscha','Boerder','kboerderlo@bing.com
Sissy','Bridge','sbridgelp@purevolume.com
','Pell','apelllq@apache.org
Gael','Daniells','gdaniellslr@ucsd.edu
Kory','Sor','ksorls@narod.ru
Eugenie','Yorke','eyorkelt@amazon.co.uk
Bran','Freear','bfreearlu@wp.com
Tarra','Thurner','tthurnerlv@ftc.gov
Rae','Mottram','rmottramlw@redcross.org
Jorrie','Archbutt','jarchbuttlx@devhub.com
Blisse','Billany','bbillanyly@icq.com
Olwen','MacAdam','omacadamlz@spotify.com
Lyn','Cullrford','lcullrfordm0@reference.com
Berenice','Instone','binstonem1@vk.com
Roderick','Stops','rstopsm2@ucoz.com
Micky','','mredfernm3@china.com.cn
Sheilakathryn','Smeeth','ssmeethm4@bloglovin.com
Rick','Sadgrove','rsadgrovem5@ebay.co.uk
Kimmie','Dalinder','kdalinderm6@etsy.com
Trude','Cowlin','tcowlinm7@jalbum.net
Grenville','Swannie','gswanniem8@indiatimes.com
','Loseby','nlosebym9@smh.com.au
Bartel','Lowes','blowesma@sciencedirect.com
Vlad','Forrestall','vforrestallmb@ameblo.jp
Zacharias','Schulz','zschulzmc@usa.gov
Dane','Jura','djuramd@phpbb.com
Arline','Clarabut','aclarabutme@ihg.com
Terri','Bugden','tbugdenmf@amazon.co.jp
Jaimie','Matherson','jmathersonmg@myspace.com
Deny','Laverty','dlavertymh@1688.com
Shelley','','ssollammi@eventbrite.com
Nessy','Feather','nfeathermj@virginia.edu
Barry','Belding','bbeldingmk@tripod.com
Tanney','Clemson','tclemsonml@t.co
Vernen','Butterfield','vbutterfieldmm@baidu.com
','Coniff','gconiffmn@dmoz.org
Ruddy','','raddinallmo@g.co
Caresse','Wasielewski','cwasielewskimp@altervista.org
Katleen','Fieldhouse','kfieldhousemq@ebay.co.uk
Willetta','Deeny','wdeenymr@cloudflare.com
Patricia','Paulsen','ppaulsenms@prlog.org
Grant','Edelston','gedelstonmt@blogs.com
Greg','Chevins','gchevinsmu@deliciousdays.com
Artemas','Matonin','amatoninmv@hatena.ne.jp
Rosetta','Wenban','rwenbanmw@ameblo.jp
Ernestus','Blethin','eblethinmx@odnoklassniki.ru
Fidelia','Pritchett','fpritchettmy@techcrunch.com
','McCaughey','nmccaugheymz@europa.eu
Monte','Nelhams','mnelhamsn0@businessinsider.com
Fernando','Collimore','fcollimoren1@google.nl
Abrahan','Sutty','asuttyn2@behance.net
Orsa','Petican','opeticann3@istockphoto.com
Sayres','Bendix','sbendixn4@jimdo.com
Claudius','Gertray','cgertrayn5@narod.ru
Puff','Staning','pstaningn6@tinyurl.com
Timothy','Frewer','tfrewern7@miibeian.gov.cn
Amerigo','Ashe','aashen8@squidoo.com
Kippie','','klashmarn9@techcrunch.com
Bailey','Ketteringham','
Vittoria','Baynton','
Gerardo','Hirthe','ghirthenc@domainmarket.com
Jennica','Arrandale','jarrandalend@odnoklassniki.ru
Arly','D''Alwis','adalwisne@webs.com
Marius','McGiveen','mmcgiveennf@prlog.org
Brinn','Meadley','bmeadleyng@google.pl
Adrienne','MacIlhargy','
Gannon','Verzey','gverzeyni@pen.io
Layney','Nelthorpe','lnelthorpenj@amazon.co.jp
Willis','Tunny','wtunnynk@netvibes.com
Dusty','Emanuel','demanuelnl@cdbaby.com
Clemente','','cmaroneynm@webs.com
Griswold','Mouser','gmousernn@plala.or.jp
Barry','Greader','bgreaderno@ucsd.edu
Aldo','Aldrin','aaldrinnp@wiley.com
Elmira','Ellen','eellennq@unesco.org
Buddie','Ick','bicknr@miitbeian.gov.cn
Lusa','Windybank','
Moshe','Willes','mwillesnt@nifty.com
Aluin','Rushworth','arushworthnu@usatoday.com
Tova','Haynesford','thaynesfordnv@about.com
Kathi','Ravens','kravensnw@ox.ac.uk
Garrot','Goad','ggoadnx@virginia.edu
Dedra','Minor','dminorny@wsj.com
Amandi','Vitet','avitetnz@yolasite.com
Mavis','De Beauchemp','mdebeauchempo0@amazon.com
Olia','Heinsen','oheinseno1@mit.edu
Berk','Daulby','bdaulbyo2@hatena.ne.jp
Aurea','Blackborow','
Lodovico','Kosiada','lkosiadao4@stanford.edu
Dyan','Benito','dbenitoo5@columbia.edu
','Tydeman','otydemano6@japanpost.jp
Angil','','abrenstuhlo7@github.io
Christiane','Serris','cserriso8@usgs.gov
Ebeneser','','esaffrino9@live.com
Wynn','Furminger','wfurmingeroa@acquirethisname.com
Lenee','Gullan','lgullanob@usa.gov
Reade','Dunbar','rdunbaroc@odnoklassniki.ru
Ludovico','Hiscoe','lhiscoeod@independent.co.uk
Clarisse','Renfree','crenfreeoe@oakley.com
Padraic','Sicha','psichaof@t.co
Ynes','Radoux','yradouxog@over-blog.com
','','amarflittoh@sitemeter.com
Lemmy','Witcher','lwitcheroi@abc.net.au
Lizbeth','Barbier','lbarbieroj@goo.ne.jp
Jacob','Kochl','jkochlok@theatlantic.com
Marshal','Gudgin','mgudginol@nhs.uk
Kincaid','','knendom@t.co
Toiboid','Kerrey','tkerreyon@globo.com
Tyler','McClaughlin','tmcclaughlinoo@indiegogo.com
Cal','Bielfeldt','cbielfeldtop@desdev.cn
Bryant','Rawle','brawleoq@cbsnews.com
Gwendolin','Tregear','gtregearor@state.tx.us
Delilah','Nabbs','dnabbsos@bloglines.com
','Klima','jklimaot@parallels.com
Keith','Gilffillan','kgilffillanou@mac.com
Royall','','rmcilwrathov@businessweek.com
Gussie','Cadding','gcaddingow@blogspot.com
Tedda','Groger','tgrogerox@cbsnews.com
Kylen','Lockner','klockneroy@shareasale.com
Yuri','','yyoudeoz@mozilla.org
Cordula','Goodale','cgoodalep0@nhs.uk
Sarene','Slemmonds','sslemmondsp1@spotify.com
Brana','','beliesp2@1und1.de
Halley','Sex','hsexp3@cbslocal.com
Dorice','','dhadlandp4@trellian.com
Nell','Full','nfullp5@npr.org
Angeli','Amos','aamosp6@statcounter.com
Stevana','Urwin','surwinp7@answers.com
Nissa','Clemmitt','nclemmittp8@usa.gov
Lyssa','Sonnenschein','lsonnenscheinp9@cdbaby.com
Mady','Huckster','mhucksterpa@gov.uk
Filberto','Stather','
Lovell','','lteresiapc@ucsd.edu
Debi','Bending','dbendingpd@bizjournals.com
Aubine','Glison','aglisonpe@yelp.com
Gonzalo','Prose','gprosepf@a8.net
Terrie','Cornwell','tcornwellpg@nifty.com
Vinnie','','vmacewanph@1688.com
Kandace','Strike','kstrikepi@cnet.com
Wheeler','Pepall','wpepallpj@google.es
Thelma','Bakewell','tbakewellpk@dagondesign.com
Aubrey','Innot','ainnotpl@sina.com.cn
Jo-ann','','jhoulthampm@elpais.com
Barbey','Tennewell','btennewellpn@networksolutions.com
Bradley','Kermode','bkermodepo@skyrock.com
Andee','Hull','ahullpp@noaa.gov
Sharona','Somerscales','ssomerscalespq@auda.org.au
Gus','Trude','gtrudepr@homestead.com
Val','Dye','vdyeps@trellian.com
Marj','Duetschens','mduetschenspt@ow.ly
L;urette','Hanigan','lhaniganpu@tmall.com
Cristina','MacGarvey','cmacgarveypv@go.com
Roselin','Hoff','rhoffpw@dyndns.org
Sherill','Matthesius','smatthesiuspx@scientificamerican.com
Tami','','tjoannidipy@unc.edu
Desmond','Whipp','dwhipppz@weebly.com
Markos','Simanenko','msimanenkoq0@smugmug.com
Farr','','fcahenq1@i2i.jp
Alexandro','','adaubyq2@joomla.org
Fred','Pettifer','fpettiferq3@weebly.com
Brittaney','Lees','bleesq4@nyu.edu
Glyn','Da Costa','gdacostaq5@toplist.cz
Elwin','Jeanin','ejeaninq6@ifeng.com
Joellyn','Fosten','jfostenq7@sphinn.com
Rebecca','Gloyens','rgloyensq8@webmd.com
Walton','Pecht','wpechtq9@discovery.com
Bryn','Stilling','
Dolli','Vaughten','dvaughtenqb@nature.com
Janice','Marciskewski','jmarciskewskiqc@ft.com
Dorthea','Gagin','dgaginqd@google.ca
Allistir','Charnick','acharnickqe@google.es
Ferd','Starkings','fstarkingsqf@bravesites.com
Ethel','Aleksankin','ealeksankinqg@canalblog.com
Belicia','Strainge','bstraingeqh@people.com.cn
Bibbie','MacGillivray','bmacgillivrayqi@freewebs.com
Goldarina','Trayton','gtraytonqj@columbia.edu
Guilbert','McIlwain','gmcilwainqk@plala.or.jp
Dacia','Chatain','dchatainql@meetup.com
Sigismondo','Beacom','sbeacomqm@aol.com
Melamie','Ottosen','mottosenqn@independent.co.uk
Gearalt','Frankland','gfranklandqo@toplist.cz
Kandy','Golby','kgolbyqp@blogs.com
Mick','Woodland','mwoodlandqq@nytimes.com
Grantham','Halahan','ghalahanqr@de.vu
Orella','Tigner','otignerqs@npr.org
Seline','Tarbet','starbetqt@earthlink.net
Willy','Leele','wleelequ@paginegialle.it
Melina','Blundin','mblundinqv@domainmarket.com
Ada','Romaines','aromainesqw@wunderground.com
Elaina','Gowdridge','egowdridgeqx@t.co
Desdemona','MacRirie','dmacririeqy@yale.edu
Tam','','twickensqz@xrea.com
Hedwiga','Carbett','hcarbettr0@weather.com
','Maybery','cmayberyr1@patch.com
Con','MacTrustey','cmactrusteyr2@squarespace.com
','Crandon','pcrandonr3@woothemes.com
Lenka','Annis','lannisr4@yolasite.com
Hendrika','Pund','hpundr5@cnn.com
Barnabe','Pifford','bpiffordr6@cbslocal.com
Muhammad','Eykelbosch','meykelboschr7@nifty.com
Kelcey','Amiranda','kamirandar8@patch.com
Blondy','Zanazzi','bzanazzir9@upenn.edu
Lexie','Felstead','lfelsteadra@macromedia.com
Demeter','Kingswood','dkingswoodrb@chicagotribune.com
Louise','Dransfield','ldransfieldrc@edublogs.org
Edvard','Bleacher','ebleacherrd@tiny.cc
Hewet','Reubbens','hreubbensre@kickstarter.com
Ignatius','Brookz','ibrookzrf@furl.net
Peter','McKie','pmckierg@msn.com
Molly','Frude','mfruderh@wordpress.org
Matthaeus','Wollacott','mwollacottri@wikispaces.com
Janeta','Scotchbrook','jscotchbrookrj@umn.edu
Auroora','MacKain','amackainrk@archive.org
Curt','','cginnerrl@geocities.com
Sephira','Ropcke','sropckerm@free.fr
Jody','Souley','jsouleyrn@ovh.net
Jackelyn','Lello','jlelloro@spotify.com
','','dskidmorerp@last.fm
Taddeo','Jeschner','tjeschnerrq@cyberchimps.com
Meier','Mancer','mmancerrr@fc2.com
